{
    "venue": "default",
    "cone": {
        "h": [19.424460431654676, 33.753353652972216],
        "s": [217.7988964760395, 255.0],
        "l": [110.07194244604317, 255.0]
    },
    "cube": {
        "h": [0.0, 180.0],
        "s": [0.0, 255.0],
        "l": [0.0, 255.0]
    }
}